Level,Function Name,Number of Calls,Elapsed Inclusive Time %,Elapsed Exclusive Time %,Avg Elapsed Inclusive Time,Avg Elapsed Exclusive Time,Module Name,
0,"vsc.exe",0,100.00,0.00,0.00,0.00,"",
1,"mainCRTStartup",1,99.03,4.35,14.02,0.62,"vsc.exe",
2,"__tmainCRTStartup",1,94.68,0.18,13.40,0.03,"vsc.exe",
3,"main",1,93.47,0.46,13.23,0.06,"vsc.exe",
4,"Emitter::BuildXSE",1,73.40,0.00,10.39,0.00,"vsc.exe",
5,"fclose",1,56.01,56.01,7.93,7.93,"MSVCR120.dll",
5,"Emitter::EmitHeader",1,13.39,0.00,1.90,0.00,"vsc.exe",
6,"_localtime64",1,13.23,13.23,1.87,1.87,"MSVCR120.dll",
6,"fprintf",4,0.15,0.15,0.01,0.01,"MSVCR120.dll",
6,"asctime_s",1,0.01,0.01,0.00,0.00,"MSVCR120.dll",
6,"_time64",1,0.00,0.00,0.00,0.00,"MSVCR120.dll",
5,"fopen",1,2.96,2.96,0.42,0.42,"MSVCR120.dll",
5,"Emitter::EmmitFunctions",1,0.95,0.01,0.13,0.00,"vsc.exe",
6,"Emitter::EmitFunc",1,0.91,0.00,0.13,0.00,"vsc.exe",
7,"fprintf",227,0.85,0.85,0.00,0.00,"MSVCR120.dll",
7,"ICodeStream<ICodeNode>::GetICodeNodeByImpIndex",58,0.06,0.06,0.00,0.00,"vsc.exe",
7,"ICodeStream<ICodeNode>::GetICodeOpByIndex",42,0.02,0.02,0.00,0.00,"vsc.exe",
7,"Emitter::EmitScopeSymbols",2,0.02,0.00,0.00,0.00,"vsc.exe",
8,"fprintf",5,0.02,0.02,0.00,0.00,"MSVCR120.dll",
7,"FunctionList::getInstance",14,0.00,0.00,0.00,0.00,"vsc.exe",
6,"fprintf",2,0.02,0.02,0.00,0.00,"MSVCR120.dll",
5,"fprintf",3,0.06,0.06,0.00,0.00,"MSVCR120.dll",
5,"Emitter::EmitScopeSymbols",1,0.03,0.01,0.00,0.00,"vsc.exe",
6,"fprintf",7,0.03,0.03,0.00,0.00,"MSVCR120.dll",
5,"Emitter::EmitDirectives",1,0.00,0.00,0.00,0.00,"vsc.exe",
4,"Parser::ParseSourceCode",1,7.39,0.28,1.05,0.04,"vsc.exe",
5,"Parser::ParseStatement",8,6.98,0.12,0.12,0.00,"vsc.exe",
6,"Parser::ParseFunc",1,6.36,0.02,0.90,0.00,"vsc.exe",
7,"Parser::ParseBlock",1,6.29,0.01,0.89,0.00,"vsc.exe",
8,"Parser::ParseStatement",11,5.99,0.40,0.08,0.01,"vsc.exe",
9,"Parser::ParseSwitch",1,2.63,0.03,0.37,0.00,"vsc.exe",
10,"Parser::ParseSwitchStatement",10,2.44,0.09,0.03,0.00,"vsc.exe",
11,"Parser::ParseCase",4,1.46,0.19,0.05,0.01,"vsc.exe",
12,"Parser::ParseStatement",4,0.89,0.17,0.03,0.01,"vsc.exe",
13,"Parser::ParseFuncCall",4,0.58,0.03,0.02,0.00,"vsc.exe",
14,"Parser::ParseExpr",4,0.39,0.02,0.01,0.00,"vsc.exe",
15,"Parser::ParseSubExpr",4,0.36,0.00,0.01,0.00,"vsc.exe",
16,"Parser::ParseTerm",4,0.34,0.00,0.01,0.00,"vsc.exe",
17,"Parser::ParseFactor",4,0.32,0.02,0.01,0.00,"vsc.exe",
18,"Lexer::GetNextToken",8,0.14,0.13,0.00,0.00,"vsc.exe",
19,"Lexer::IsCharDelim",8,0.00,0.00,0.00,0.00,"vsc.exe",
19,"Lexer::IsCharIdent",8,0.00,0.00,0.00,0.00,"vsc.exe",
19,"Lexer::CopyLexerState",8,0.00,0.00,0.00,0.00,"vsc.exe",
18,"malloc",4,0.12,0.12,0.00,0.00,"MSVCR120.dll",
18,"ICodeStream<ICodeNode>::AddStringICodeOp",4,0.02,0.01,0.00,0.00,"vsc.exe",
19,"DList<OpList>::Append",4,0.01,0.00,0.00,0.00,"vsc.exe",
20,"??2@YAPAXI@Z",4,0.01,0.01,0.00,0.00,"MSVCR120.dll",
20,"DNode<OpList>::DNode<OpList>",4,0.00,0.00,0.00,0.00,"vsc.exe",
19,"ICodeStream<ICodeNode>::GetICodeNodeByImpIndex",4,0.00,0.00,0.00,0.00,"vsc.exe",
18,"ICodeStream<ICodeNode>::AddICodeInstr",4,0.01,0.00,0.00,0.00,"vsc.exe",
19,"??2@YAPAXI@Z",4,0.01,0.01,0.00,0.00,"MSVCR120.dll",
19,"DList<ICodeNode>::Append",4,0.00,0.00,0.00,0.00,"vsc.exe",
20,"??2@YAPAXI@Z",4,0.01,0.01,0.00,0.00,"MSVCR120.dll",
18,"strnlen",8,0.01,0.01,0.00,0.00,"MSVCR120.dll",
18,"DList<SymbolNode *>::Append",4,0.01,0.00,0.00,0.00,"vsc.exe",
19,"??2@YAPAXI@Z",4,0.01,0.01,0.00,0.00,"MSVCR120.dll",
18,"strcpy_s",4,0.01,0.01,0.00,0.00,"MSVCR120.dll",
18,"SymbolList::GetSymbolByIdent",4,0.00,0.00,0.00,0.00,"vsc.exe",
19,"_stricmp",12,0.01,0.01,0.00,0.00,"MSVCR120.dll",
18,"Lexer::CopyLexerState",4,0.00,0.00,0.00,0.00,"vsc.exe",
17,"Lexer::GetNextToken",4,0.01,0.01,0.00,0.00,"vsc.exe",
18,"Lexer::CopyLexerState",4,0.00,0.00,0.00,0.00,"vsc.exe",
18,"Lexer::IsCharDelim",4,0.00,0.00,0.00,0.00,"vsc.exe",
18,"Lexer::IsCharIdent",4,0.00,0.00,0.00,0.00,"vsc.exe",
17,"Lexer::CopyLexerState",4,0.00,0.00,0.00,0.00,"vsc.exe",
16,"Lexer::GetNextToken",4,0.01,0.01,0.00,0.00,"vsc.exe",
17,"Lexer::CopyLexerState",4,0.00,0.00,0.00,0.00,"vsc.exe",
17,"Lexer::IsCharDelim",4,0.00,0.00,0.00,0.00,"vsc.exe",
17,"Lexer::IsCharIdent",4,0.00,0.00,0.00,0.00,"vsc.exe",
16,"Lexer::CopyLexerState",4,0.00,0.00,0.00,0.00,"vsc.exe",
15,"Lexer::GetNextToken",4,0.01,0.01,0.00,0.00,"vsc.exe",
16,"Lexer::CopyLexerState",4,0.00,0.00,0.00,0.00,"vsc.exe",
16,"Lexer::IsCharDelim",4,0.00,0.00,0.00,0.00,"vsc.exe",
16,"Lexer::IsCharIdent",4,0.00,0.00,0.00,0.00,"vsc.exe",
15,"Lexer::CopyLexerState",4,0.00,0.00,0.00,0.00,"vsc.exe",
14,"Lexer::GetLookAheadChar",16,0.10,0.01,0.00,0.00,"vsc.exe",
15,"??2@YAPAXI@Z",16,0.08,0.08,0.00,0.00,"MSVCR120.dll",
15,"Lexer::CopyLexerState",32,0.01,0.01,0.00,0.00,"vsc.exe",
14,"Lexer::GetNextToken",8,0.03,0.02,0.00,0.00,"vsc.exe",
15,"Lexer::CopyLexerState",8,0.00,0.00,0.00,0.00,"vsc.exe",
15,"Lexer::IsCharDelim",8,0.00,0.00,0.00,0.00,"vsc.exe",
15,"Lexer::IsCharIdent",8,0.00,0.00,0.00,0.00,"vsc.exe",
14,"ICodeStream<ICodeNode>::AddFuncICodeOp",4,0.01,0.01,0.00,0.00,"vsc.exe",
15,"DList<OpList>::Append",4,0.01,0.00,0.00,0.00,"vsc.exe",
16,"??2@YAPAXI@Z",4,0.01,0.01,0.00,0.00,"MSVCR120.dll",
16,"DNode<OpList>::DNode<OpList>",4,0.00,0.00,0.00,0.00,"vsc.exe",
15,"ICodeStream<ICodeNode>::GetICodeNodeByImpIndex",4,0.00,0.00,0.00,0.00,"vsc.exe",
14,"ICodeStream<ICodeNode>::AddICodeInstr",4,0.01,0.00,0.00,0.00,"vsc.exe",
15,"??2@YAPAXI@Z",4,0.01,0.01,0.00,0.00,"MSVCR120.dll",
15,"DList<ICodeNode>::Append",4,0.00,0.00,0.00,0.00,"vsc.exe",
16,"??2@YAPAXI@Z",4,0.01,0.01,0.00,0.00,"MSVCR120.dll",
14,"FunctionList::GetFuncByName",4,0.00,0.00,0.00,0.00,"vsc.exe",
15,"_stricmp",4,0.00,0.00,0.00,0.00,"MSVCR120.dll",
13,"Lexer::GetNextToken",12,0.07,0.01,0.00,0.00,"vsc.exe",
14,"_stricmp",128,0.09,0.09,0.00,0.00,"MSVCR120.dll",
14,"Lexer::IsCharIdent",12,0.00,0.00,0.00,0.00,"vsc.exe",
14,"Lexer::CopyLexerState",12,0.00,0.00,0.00,0.00,"vsc.exe",
14,"Lexer::IsCharDelim",4,0.00,0.00,0.00,0.00,"vsc.exe",
13,"ICodeStream<ICodeNode>::AddICodeSourceLine",4,0.02,0.00,0.00,0.00,"vsc.exe",
14,"DList<ICodeNode>::Append",4,0.01,0.01,0.00,0.00,"vsc.exe",
15,"??2@YAPAXI@Z",4,0.01,0.01,0.00,0.00,"MSVCR120.dll",
14,"??2@YAPAXI@Z",4,0.01,0.01,0.00,0.00,"MSVCR120.dll",
13,"Lexer::GetLookAheadChar",4,0.02,0.01,0.00,0.00,"vsc.exe",
14,"??2@YAPAXI@Z",4,0.01,0.01,0.00,0.00,"MSVCR120.dll",
14,"Lexer::CopyLexerState",8,0.00,0.00,0.00,0.00,"vsc.exe",
13,"SymbolList::GetSymbolByIdent",4,0.01,0.01,0.00,0.00,"vsc.exe",
14,"_stricmp",12,0.01,0.01,0.00,0.00,"MSVCR120.dll",
13,"FunctionList::getInstance",4,0.01,0.01,0.00,0.00,"vsc.exe",
13,"FunctionList::GetFuncByName",4,0.00,0.00,0.00,0.00,"vsc.exe",
14,"_stricmp",4,0.00,0.00,0.00,0.00,"MSVCR120.dll",
13,"Lexer::CopyLexerState",4,0.00,0.00,0.00,0.00,"vsc.exe",
12,"Parser::ParseExpr",4,0.23,0.00,0.01,0.00,"vsc.exe",
13,"Parser::ParseSubExpr",4,0.21,0.00,0.01,0.00,"vsc.exe",
14,"Parser::ParseTerm",4,0.20,0.00,0.01,0.00,"vsc.exe",
15,"Parser::ParseFactor",4,0.18,0.02,0.01,0.00,"vsc.exe",
16,"ICodeStream<ICodeNode>::AddStringICodeOp",4,0.05,0.00,0.00,0.00,"vsc.exe",
17,"DList<OpList>::Append",4,0.04,0.03,0.00,0.00,"vsc.exe",
18,"??2@YAPAXI@Z",4,0.01,0.01,0.00,0.00,"MSVCR120.dll",
18,"DNode<OpList>::DNode<OpList>",4,0.00,0.00,0.00,0.00,"vsc.exe",
17,"ICodeStream<ICodeNode>::GetICodeNodeByImpIndex",4,0.00,0.00,0.00,0.00,"vsc.exe",
16,"ICodeStream<ICodeNode>::AddICodeInstr",4,0.05,0.01,0.00,0.00,"vsc.exe",
17,"??2@YAPAXI@Z",4,0.02,0.02,0.00,0.00,"MSVCR120.dll",
17,"DList<ICodeNode>::Append",4,0.01,0.01,0.00,0.00,"vsc.exe",
18,"??2@YAPAXI@Z",4,0.01,0.01,0.00,0.00,"MSVCR120.dll",
16,"Lexer::GetNextToken",8,0.03,0.03,0.00,0.00,"vsc.exe",
17,"Lexer::IsCharDelim",8,0.00,0.00,0.00,0.00,"vsc.exe",
17,"Lexer::CopyLexerState",8,0.00,0.00,0.00,0.00,"vsc.exe",
17,"Lexer::IsCharIdent",8,0.00,0.00,0.00,0.00,"vsc.exe",
16,"malloc",4,0.02,0.02,0.00,0.00,"MSVCR120.dll",
16,"strcpy_s",4,0.01,0.01,0.00,0.00,"MSVCR120.dll",
16,"strnlen",8,0.01,0.01,0.00,0.00,"MSVCR120.dll",
16,"DList<SymbolNode *>::Append",4,0.00,0.00,0.00,0.00,"vsc.exe",
17,"??2@YAPAXI@Z",4,0.01,0.01,0.00,0.00,"MSVCR120.dll",
16,"SymbolList::GetSymbolByIdent",4,0.00,0.00,0.00,0.00,"vsc.exe",
17,"_stricmp",12,0.01,0.01,0.00,0.00,"MSVCR120.dll",
16,"Lexer::CopyLexerState",4,0.00,0.00,0.00,0.00,"vsc.exe",
15,"Lexer::GetNextToken",4,0.01,0.01,0.00,0.00,"vsc.exe",
16,"Lexer::IsCharIdent",4,0.00,0.00,0.00,0.00,"vsc.exe",
16,"Lexer::IsCharDelim",4,0.00,0.00,0.00,0.00,"vsc.exe",
16,"Lexer::CopyLexerState",4,0.00,0.00,0.00,0.00,"vsc.exe",
15,"Lexer::CopyLexerState",4,0.00,0.00,0.00,0.00,"vsc.exe",
14,"Lexer::GetNextToken",4,0.01,0.01,0.00,0.00,"vsc.exe",
15,"Lexer::CopyLexerState",4,0.00,0.00,0.00,0.00,"vsc.exe",
15,"Lexer::IsCharIdent",4,0.00,0.00,0.00,0.00,"vsc.exe",
15,"Lexer::IsCharDelim",4,0.00,0.00,0.00,0.00,"vsc.exe",
14,"Lexer::CopyLexerState",4,0.00,0.00,0.00,0.00,"vsc.exe",
13,"Lexer::GetNextToken",4,0.01,0.01,0.00,0.00,"vsc.exe",
14,"Lexer::IsCharDelim",4,0.00,0.00,0.00,0.00,"vsc.exe",
14,"Lexer::CopyLexerState",4,0.00,0.00,0.00,0.00,"vsc.exe",
14,"Lexer::IsCharIdent",4,0.00,0.00,0.00,0.00,"vsc.exe",
13,"Lexer::CopyLexerState",4,0.00,0.00,0.00,0.00,"vsc.exe",
12,"Lexer::GetNextToken",17,0.15,0.02,0.00,0.00,"vsc.exe",
13,"_stricmp",208,0.17,0.17,0.00,0.00,"MSVCR120.dll",
13,"Lexer::IsCharIdent",17,0.00,0.00,0.00,0.00,"vsc.exe",
13,"Lexer::CopyLexerState",17,0.00,0.00,0.00,0.00,"vsc.exe",
13,"Lexer::IsCharDelim",4,0.00,0.00,0.00,0.00,"vsc.exe",
12,"Lexer::CopyLexerState",4,0.00,0.00,0.00,0.00,"vsc.exe",
11,"Parser::ParseDefault",1,0.82,0.07,0.12,0.01,"vsc.exe",
12,"Parser::ParseStatement",3,0.69,0.07,0.03,0.00,"vsc.exe",
13,"Parser::ParseFuncCall",3,0.55,0.05,0.03,0.00,"vsc.exe",
14,"Parser::ParseExpr",3,0.34,0.01,0.02,0.00,"vsc.exe",
15,"Parser::ParseSubExpr",3,0.31,0.00,0.01,0.00,"vsc.exe",
16,"Parser::ParseTerm",3,0.30,0.00,0.01,0.00,"vsc.exe",
17,"Parser::ParseFactor",3,0.28,0.01,0.01,0.00,"vsc.exe",
18,"Lexer::GetNextToken",6,0.13,0.13,0.00,0.00,"vsc.exe",
19,"Lexer::IsCharDelim",6,0.00,0.00,0.00,0.00,"vsc.exe",
19,"Lexer::IsCharIdent",6,0.00,0.00,0.00,0.00,"vsc.exe",
19,"Lexer::CopyLexerState",6,0.00,0.00,0.00,0.00,"vsc.exe",
18,"ICodeStream<ICodeNode>::AddStringICodeOp",3,0.11,0.00,0.01,0.00,"vsc.exe",
19,"DList<OpList>::Append",3,0.10,0.00,0.00,0.00,"vsc.exe",
20,"??2@YAPAXI@Z",3,0.10,0.10,0.00,0.00,"MSVCR120.dll",
20,"DNode<OpList>::DNode<OpList>",3,0.00,0.00,0.00,0.00,"vsc.exe",
19,"ICodeStream<ICodeNode>::GetICodeNodeByImpIndex",3,0.00,0.00,0.00,0.00,"vsc.exe",
18,"ICodeStream<ICodeNode>::AddICodeInstr",3,0.01,0.00,0.00,0.00,"vsc.exe",
19,"??2@YAPAXI@Z",3,0.00,0.00,0.00,0.00,"MSVCR120.dll",
19,"DList<ICodeNode>::Append",3,0.00,0.00,0.00,0.00,"vsc.exe",
20,"??2@YAPAXI@Z",3,0.01,0.01,0.00,0.00,"MSVCR120.dll",
18,"strnlen",6,0.01,0.01,0.00,0.00,"MSVCR120.dll",
18,"malloc",3,0.00,0.00,0.00,0.00,"MSVCR120.dll",
18,"strcpy_s",3,0.00,0.00,0.00,0.00,"MSVCR120.dll",
18,"DList<SymbolNode *>::Append",3,0.00,0.00,0.00,0.00,"vsc.exe",
19,"??2@YAPAXI@Z",3,0.00,0.00,0.00,0.00,"MSVCR120.dll",
18,"SymbolList::GetSymbolByIdent",3,0.00,0.00,0.00,0.00,"vsc.exe",
19,"_stricmp",9,0.01,0.01,0.00,0.00,"MSVCR120.dll",
18,"Lexer::CopyLexerState",3,0.00,0.00,0.00,0.00,"vsc.exe",
17,"Lexer::GetNextToken",3,0.01,0.01,0.00,0.00,"vsc.exe",
18,"Lexer::CopyLexerState",3,0.00,0.00,0.00,0.00,"vsc.exe",
18,"Lexer::IsCharDelim",3,0.00,0.00,0.00,0.00,"vsc.exe",
18,"Lexer::IsCharIdent",3,0.00,0.00,0.00,0.00,"vsc.exe",
17,"Lexer::CopyLexerState",3,0.00,0.00,0.00,0.00,"vsc.exe",
16,"Lexer::GetNextToken",3,0.01,0.01,0.00,0.00,"vsc.exe",
17,"Lexer::CopyLexerState",3,0.00,0.00,0.00,0.00,"vsc.exe",
17,"Lexer::IsCharDelim",3,0.00,0.00,0.00,0.00,"vsc.exe",
17,"Lexer::IsCharIdent",3,0.00,0.00,0.00,0.00,"vsc.exe",
16,"Lexer::CopyLexerState",3,0.00,0.00,0.00,0.00,"vsc.exe",
15,"Lexer::GetNextToken",3,0.02,0.02,0.00,0.00,"vsc.exe",
16,"Lexer::CopyLexerState",3,0.00,0.00,0.00,0.00,"vsc.exe",
16,"Lexer::IsCharDelim",3,0.00,0.00,0.00,0.00,"vsc.exe",
16,"Lexer::IsCharIdent",3,0.00,0.00,0.00,0.00,"vsc.exe",
15,"Lexer::CopyLexerState",3,0.00,0.00,0.00,0.00,"vsc.exe",
14,"Lexer::GetLookAheadChar",12,0.12,0.01,0.00,0.00,"vsc.exe",
15,"??2@YAPAXI@Z",12,0.10,0.10,0.00,0.00,"MSVCR120.dll",
15,"Lexer::CopyLexerState",24,0.01,0.01,0.00,0.00,"vsc.exe",
14,"Lexer::GetNextToken",6,0.02,0.02,0.00,0.00,"vsc.exe",
15,"Lexer::CopyLexerState",6,0.00,0.00,0.00,0.00,"vsc.exe",
15,"Lexer::IsCharDelim",6,0.00,0.00,0.00,0.00,"vsc.exe",
15,"Lexer::IsCharIdent",6,0.00,0.00,0.00,0.00,"vsc.exe",
14,"ICodeStream<ICodeNode>::AddFuncICodeOp",3,0.01,0.00,0.00,0.00,"vsc.exe",
15,"DList<OpList>::Append",3,0.00,0.00,0.00,0.00,"vsc.exe",
16,"??2@YAPAXI@Z",3,0.00,0.00,0.00,0.00,"MSVCR120.dll",
16,"DNode<OpList>::DNode<OpList>",3,0.00,0.00,0.00,0.00,"vsc.exe",
15,"ICodeStream<ICodeNode>::GetICodeNodeByImpIndex",3,0.00,0.00,0.00,0.00,"vsc.exe",
14,"ICodeStream<ICodeNode>::AddICodeInstr",3,0.01,0.00,0.00,0.00,"vsc.exe",
15,"??2@YAPAXI@Z",3,0.00,0.00,0.00,0.00,"MSVCR120.dll",
15,"DList<ICodeNode>::Append",3,0.00,0.00,0.00,0.00,"vsc.exe",
16,"??2@YAPAXI@Z",3,0.01,0.01,0.00,0.00,"MSVCR120.dll",
14,"FunctionList::GetFuncByName",3,0.00,0.00,0.00,0.00,"vsc.exe",
15,"_stricmp",3,0.00,0.00,0.00,0.00,"MSVCR120.dll",
13,"Lexer::GetNextToken",6,0.04,0.01,0.00,0.00,"vsc.exe",
14,"_stricmp",48,0.04,0.04,0.00,0.00,"MSVCR120.dll",
14,"Lexer::IsCharIdent",6,0.00,0.00,0.00,0.00,"vsc.exe",
14,"Lexer::IsCharDelim",3,0.00,0.00,0.00,0.00,"vsc.exe",
14,"Lexer::CopyLexerState",6,0.00,0.00,0.00,0.00,"vsc.exe",
13,"Lexer::GetLookAheadChar",3,0.02,0.02,0.00,0.00,"vsc.exe",
14,"??2@YAPAXI@Z",3,0.00,0.00,0.00,0.00,"MSVCR120.dll",
14,"Lexer::CopyLexerState",6,0.00,0.00,0.00,0.00,"vsc.exe",
13,"ICodeStream<ICodeNode>::AddICodeSourceLine",3,0.01,0.00,0.00,0.00,"vsc.exe",
14,"??2@YAPAXI@Z",3,0.00,0.00,0.00,0.00,"MSVCR120.dll",
14,"DList<ICodeNode>::Append",3,0.00,0.00,0.00,0.00,"vsc.exe",
15,"??2@YAPAXI@Z",3,0.00,0.00,0.00,0.00,"MSVCR120.dll",
13,"SymbolList::GetSymbolByIdent",3,0.00,0.00,0.00,0.00,"vsc.exe",
14,"_stricmp",9,0.01,0.01,0.00,0.00,"MSVCR120.dll",
13,"FunctionList::GetFuncByName",3,0.00,0.00,0.00,0.00,"vsc.exe",
14,"_stricmp",3,0.00,0.00,0.00,0.00,"MSVCR120.dll",
13,"FunctionList::getInstance",3,0.00,0.00,0.00,0.00,"vsc.exe",
12,"Lexer::GetNextToken",6,0.06,0.01,0.00,0.00,"vsc.exe",
13,"_stricmp",80,0.06,0.06,0.00,0.00,"MSVCR120.dll",
13,"Lexer::CopyLexerState",6,0.00,0.00,0.00,0.00,"vsc.exe",
13,"Lexer::IsCharIdent",6,0.00,0.00,0.00,0.00,"vsc.exe",
13,"Lexer::IsCharDelim",1,0.00,0.00,0.00,0.00,"vsc.exe",
12,"Lexer::CopyLexerState",1,0.00,0.00,0.00,0.00,"vsc.exe",
11,"Lexer::GetNextToken",10,0.04,0.01,0.00,0.00,"vsc.exe",
12,"_stricmp",64,0.05,0.05,0.00,0.00,"MSVCR120.dll",
12,"Lexer::CopyLexerState",10,0.00,0.00,0.00,0.00,"vsc.exe",
12,"Lexer::IsCharIdent",10,0.00,0.00,0.00,0.00,"vsc.exe",
12,"Lexer::IsCharDelim",6,0.00,0.00,0.00,0.00,"vsc.exe",
11,"Lexer::GetLookAheadChar",10,0.03,0.01,0.00,0.00,"vsc.exe",
12,"??2@YAPAXI@Z",10,0.02,0.02,0.00,0.00,"MSVCR120.dll",
12,"Lexer::CopyLexerState",20,0.00,0.00,0.00,0.00,"vsc.exe",
10,"Parser::ParseExpr",1,0.08,0.00,0.01,0.00,"vsc.exe",
11,"Parser::ParseSubExpr",1,0.08,0.00,0.01,0.00,"vsc.exe",
12,"Parser::ParseTerm",1,0.07,0.00,0.01,0.00,"vsc.exe",
13,"Parser::ParseFactor",1,0.07,0.04,0.01,0.01,"vsc.exe",
14,"Lexer::GetNextToken",2,0.01,0.00,0.00,0.00,"vsc.exe",
15,"_stricmp",32,0.03,0.03,0.00,0.00,"MSVCR120.dll",
15,"Lexer::CopyLexerState",2,0.00,0.00,0.00,0.00,"vsc.exe",
15,"Lexer::IsCharIdent",2,0.00,0.00,0.00,0.00,"vsc.exe",
14,"Lexer::GetLookAheadChar",1,0.01,0.00,0.00,0.00,"vsc.exe",
15,"??2@YAPAXI@Z",1,0.00,0.00,0.00,0.00,"MSVCR120.dll",
15,"Lexer::CopyLexerState",2,0.00,0.00,0.00,0.00,"vsc.exe",
14,"ICodeStream<ICodeNode>::AddVarICodeOp",1,0.00,0.00,0.00,0.00,"vsc.exe",
15,"DList<OpList>::Append",1,0.00,0.00,0.00,0.00,"vsc.exe",
16,"??2@YAPAXI@Z",1,0.00,0.00,0.00,0.00,"MSVCR120.dll",
16,"DNode<OpList>::DNode<OpList>",1,0.00,0.00,0.00,0.00,"vsc.exe",
15,"ICodeStream<ICodeNode>::GetICodeNodeByImpIndex",1,0.00,0.00,0.00,0.00,"vsc.exe",
14,"ICodeStream<ICodeNode>::AddICodeInstr",1,0.00,0.00,0.00,0.00,"vsc.exe",
15,"??2@YAPAXI@Z",1,0.00,0.00,0.00,0.00,"MSVCR120.dll",
15,"DList<ICodeNode>::Append",1,0.00,0.00,0.00,0.00,"vsc.exe",
16,"??2@YAPAXI@Z",1,0.00,0.00,0.00,0.00,"MSVCR120.dll",
14,"SymbolList::GetSymbolByIdent",1,0.00,0.00,0.00,0.00,"vsc.exe",
15,"_stricmp",3,0.00,0.00,0.00,0.00,"MSVCR120.dll",
14,"Lexer::CopyLexerState",1,0.00,0.00,0.00,0.00,"vsc.exe",
13,"Lexer::GetNextToken",1,0.00,0.00,0.00,0.00,"vsc.exe",
14,"Lexer::IsCharIdent",1,0.00,0.00,0.00,0.00,"vsc.exe",
14,"Lexer::IsCharDelim",1,0.00,0.00,0.00,0.00,"vsc.exe",
14,"Lexer::CopyLexerState",1,0.00,0.00,0.00,0.00,"vsc.exe",
13,"Lexer::CopyLexerState",1,0.00,0.00,0.00,0.00,"vsc.exe",
12,"Lexer::GetNextToken",1,0.00,0.00,0.00,0.00,"vsc.exe",
13,"Lexer::CopyLexerState",1,0.00,0.00,0.00,0.00,"vsc.exe",
13,"Lexer::IsCharIdent",1,0.00,0.00,0.00,0.00,"vsc.exe",
13,"Lexer::IsCharDelim",1,0.00,0.00,0.00,0.00,"vsc.exe",
12,"Lexer::CopyLexerState",1,0.00,0.00,0.00,0.00,"vsc.exe",
11,"Lexer::GetNextToken",1,0.00,0.00,0.00,0.00,"vsc.exe",
12,"Lexer::CopyLexerState",1,0.00,0.00,0.00,0.00,"vsc.exe",
12,"Lexer::IsCharDelim",1,0.00,0.00,0.00,0.00,"vsc.exe",
12,"Lexer::IsCharIdent",1,0.00,0.00,0.00,0.00,"vsc.exe",
11,"Lexer::CopyLexerState",1,0.00,0.00,0.00,0.00,"vsc.exe",
10,"Lexer::GetLookAheadChar",11,0.04,0.02,0.00,0.00,"vsc.exe",
11,"??2@YAPAXI@Z",11,0.02,0.02,0.00,0.00,"MSVCR120.dll",
11,"Lexer::CopyLexerState",22,0.00,0.00,0.00,0.00,"vsc.exe",
10,"Lexer::GetNextToken",3,0.01,0.01,0.00,0.00,"vsc.exe",
11,"Lexer::CopyLexerState",3,0.00,0.00,0.00,0.00,"vsc.exe",
11,"Lexer::IsCharIdent",3,0.00,0.00,0.00,0.00,"vsc.exe",
11,"Lexer::IsCharDelim",3,0.00,0.00,0.00,0.00,"vsc.exe",
10,"ICodeStream<ICodeNode>::AddICodeInstr",3,0.01,0.00,0.00,0.00,"vsc.exe",
11,"??2@YAPAXI@Z",3,0.00,0.00,0.00,0.00,"MSVCR120.dll",
11,"DList<ICodeNode>::Append",3,0.00,0.00,0.00,0.00,"vsc.exe",
12,"??2@YAPAXI@Z",3,0.00,0.00,0.00,0.00,"MSVCR120.dll",
10,"ICodeStream<ICodeNode>::AddIntICodeOp",2,0.01,0.00,0.00,0.00,"vsc.exe",
11,"DList<OpList>::Append",2,0.00,0.00,0.00,0.00,"vsc.exe",
12,"??2@YAPAXI@Z",2,0.00,0.00,0.00,0.00,"MSVCR120.dll",
12,"DNode<OpList>::DNode<OpList>",2,0.00,0.00,0.00,0.00,"vsc.exe",
11,"ICodeStream<ICodeNode>::GetICodeNodeByImpIndex",2,0.00,0.00,0.00,0.00,"vsc.exe",
10,"ICodeStream<ICodeNode>::AddICodeJumpTarget",2,0.00,0.00,0.00,0.00,"vsc.exe",
11,"DList<ICodeNode>::Append",2,0.00,0.00,0.00,0.00,"vsc.exe",
12,"??2@YAPAXI@Z",2,0.00,0.00,0.00,0.00,"MSVCR120.dll",
10,"ICodeStream<ICodeNode>::AddJumpTargetICodeOp",1,0.00,0.00,0.00,0.00,"vsc.exe",
11,"DList<OpList>::Append",1,0.00,0.00,0.00,0.00,"vsc.exe",
12,"??2@YAPAXI@Z",1,0.00,0.00,0.00,0.00,"MSVCR120.dll",
12,"DNode<OpList>::DNode<OpList>",1,0.00,0.00,0.00,0.00,"vsc.exe",
11,"ICodeStream<ICodeNode>::GetICodeNodeByImpIndex",1,0.00,0.00,0.00,0.00,"vsc.exe",
9,"Parser::ParseFuncCall",6,1.77,0.05,0.04,0.00,"vsc.exe",
10,"Parser::ParseExpr",6,1.52,0.00,0.04,0.00,"vsc.exe",
11,"Lexer::CopyLexerState",6,1.05,1.05,0.02,0.02,"vsc.exe",
11,"Parser::ParseSubExpr",6,0.44,0.02,0.01,0.00,"vsc.exe",
12,"Parser::ParseTerm",6,0.40,0.01,0.01,0.00,"vsc.exe",
13,"Parser::ParseFactor",6,0.36,0.04,0.01,0.00,"vsc.exe",
14,"Lexer::GetNextToken",12,0.20,0.19,0.00,0.00,"vsc.exe",
15,"Lexer::IsCharDelim",12,0.00,0.00,0.00,0.00,"vsc.exe",
15,"Lexer::CopyLexerState",12,0.00,0.00,0.00,0.00,"vsc.exe",
15,"Lexer::IsCharIdent",12,0.00,0.00,0.00,0.00,"vsc.exe",
14,"ICodeStream<ICodeNode>::AddStringICodeOp",6,0.05,0.01,0.00,0.00,"vsc.exe",
15,"DList<OpList>::Append",6,0.03,0.00,0.00,0.00,"vsc.exe",
16,"??2@YAPAXI@Z",6,0.03,0.03,0.00,0.00,"MSVCR120.dll",
16,"DNode<OpList>::DNode<OpList>",6,0.00,0.00,0.00,0.00,"vsc.exe",
15,"ICodeStream<ICodeNode>::GetICodeNodeByImpIndex",6,0.01,0.01,0.00,0.00,"vsc.exe",
14,"ICodeStream<ICodeNode>::AddICodeInstr",6,0.02,0.01,0.00,0.00,"vsc.exe",
15,"??2@YAPAXI@Z",6,0.01,0.01,0.00,0.00,"MSVCR120.dll",
15,"DList<ICodeNode>::Append",6,0.01,0.00,0.00,0.00,"vsc.exe",
16,"??2@YAPAXI@Z",6,0.01,0.01,0.00,0.00,"MSVCR120.dll",
14,"strnlen",12,0.01,0.01,0.00,0.00,"MSVCR120.dll",
14,"malloc",6,0.01,0.01,0.00,0.00,"MSVCR120.dll",
14,"Lexer::CopyLexerState",6,0.01,0.01,0.00,0.00,"vsc.exe",
14,"strcpy_s",6,0.01,0.01,0.00,0.00,"MSVCR120.dll",
14,"DList<SymbolNode *>::Append",6,0.01,0.00,0.00,0.00,"vsc.exe",
15,"??2@YAPAXI@Z",6,0.01,0.01,0.00,0.00,"MSVCR120.dll",
14,"SymbolList::GetSymbolByIdent",6,0.00,0.00,0.00,0.00,"vsc.exe",
15,"_stricmp",18,0.01,0.01,0.00,0.00,"MSVCR120.dll",
13,"Lexer::GetNextToken",6,0.03,0.03,0.00,0.00,"vsc.exe",
14,"Lexer::CopyLexerState",6,0.00,0.00,0.00,0.00,"vsc.exe",
14,"Lexer::IsCharDelim",6,0.00,0.00,0.00,0.00,"vsc.exe",
14,"Lexer::IsCharIdent",6,0.00,0.00,0.00,0.00,"vsc.exe",
13,"Lexer::CopyLexerState",6,0.00,0.00,0.00,0.00,"vsc.exe",
12,"Lexer::GetNextToken",6,0.02,0.02,0.00,0.00,"vsc.exe",
13,"Lexer::CopyLexerState",6,0.00,0.00,0.00,0.00,"vsc.exe",
13,"Lexer::IsCharDelim",6,0.00,0.00,0.00,0.00,"vsc.exe",
13,"Lexer::IsCharIdent",6,0.00,0.00,0.00,0.00,"vsc.exe",
12,"Lexer::CopyLexerState",6,0.00,0.00,0.00,0.00,"vsc.exe",
11,"Lexer::GetNextToken",6,0.02,0.02,0.00,0.00,"vsc.exe",
12,"Lexer::CopyLexerState",6,0.00,0.00,0.00,0.00,"vsc.exe",
12,"Lexer::IsCharDelim",6,0.00,0.00,0.00,0.00,"vsc.exe",
12,"Lexer::IsCharIdent",6,0.00,0.00,0.00,0.00,"vsc.exe",
10,"Lexer::GetLookAheadChar",24,0.07,0.02,0.00,0.00,"vsc.exe",
11,"??2@YAPAXI@Z",24,0.04,0.04,0.00,0.00,"MSVCR120.dll",
11,"Lexer::CopyLexerState",48,0.01,0.01,0.00,0.00,"vsc.exe",
10,"ICodeStream<ICodeNode>::AddICodeInstr",6,0.05,0.02,0.00,0.00,"vsc.exe",
11,"??2@YAPAXI@Z",6,0.03,0.03,0.00,0.00,"MSVCR120.dll",
11,"DList<ICodeNode>::Append",6,0.01,0.00,0.00,0.00,"vsc.exe",
12,"??2@YAPAXI@Z",6,0.01,0.01,0.00,0.00,"MSVCR120.dll",
10,"Lexer::GetNextToken",12,0.05,0.04,0.00,0.00,"vsc.exe",
11,"Lexer::CopyLexerState",12,0.00,0.00,0.00,0.00,"vsc.exe",
11,"Lexer::IsCharIdent",12,0.00,0.00,0.00,0.00,"vsc.exe",
11,"Lexer::IsCharDelim",12,0.00,0.00,0.00,0.00,"vsc.exe",
10,"ICodeStream<ICodeNode>::AddFuncICodeOp",6,0.03,0.01,0.00,0.00,"vsc.exe",
11,"DList<OpList>::Append",6,0.01,0.00,0.00,0.00,"vsc.exe",
12,"??2@YAPAXI@Z",6,0.01,0.01,0.00,0.00,"MSVCR120.dll",
12,"DNode<OpList>::DNode<OpList>",6,0.00,0.00,0.00,0.00,"vsc.exe",
11,"ICodeStream<ICodeNode>::GetICodeNodeByImpIndex",6,0.00,0.00,0.00,0.00,"vsc.exe",
10,"FunctionList::GetFuncByName",6,0.00,0.00,0.00,0.00,"vsc.exe",
11,"_stricmp",6,0.01,0.01,0.00,0.00,"MSVCR120.dll",
9,"Parser::ParseVar",1,0.43,0.39,0.06,0.06,"vsc.exe",
10,"Lexer::GetNextToken",2,0.02,0.00,0.00,0.00,"vsc.exe",
11,"_stricmp",16,0.01,0.01,0.00,0.00,"MSVCR120.dll",
11,"Lexer::CopyLexerState",2,0.00,0.00,0.00,0.00,"vsc.exe",
11,"Lexer::IsCharDelim",1,0.00,0.00,0.00,0.00,"vsc.exe",
11,"Lexer::IsCharIdent",2,0.00,0.00,0.00,0.00,"vsc.exe",
10,"SymbolList::AddSymbol",1,0.01,0.00,0.00,0.00,"vsc.exe",
11,"??2@YAPAXI@Z",1,0.00,0.00,0.00,0.00,"MSVCR120.dll",
11,"DList<SymbolNode *>::Append",1,0.00,0.00,0.00,0.00,"vsc.exe",
12,"??2@YAPAXI@Z",1,0.00,0.00,0.00,0.00,"MSVCR120.dll",
11,"SymbolList::GetSymbolByIdent",1,0.00,0.00,0.00,0.00,"vsc.exe",
12,"_stricmp",2,0.00,0.00,0.00,0.00,"MSVCR120.dll",
10,"Lexer::GetLookAheadChar",1,0.01,0.00,0.00,0.00,"vsc.exe",
11,"??2@YAPAXI@Z",1,0.01,0.01,0.00,0.00,"MSVCR120.dll",
11,"Lexer::CopyLexerState",2,0.00,0.00,0.00,0.00,"vsc.exe",
9,"Lexer::GetLookAheadChar",11,0.26,0.04,0.00,0.00,"vsc.exe",
10,"??2@YAPAXI@Z",11,0.21,0.21,0.00,0.00,"MSVCR120.dll",
10,"Lexer::CopyLexerState",22,0.00,0.00,0.00,0.00,"vsc.exe",
9,"Parser::ParseReturn",1,0.16,0.01,0.02,0.00,"vsc.exe",
10,"Parser::ParseExpr",1,0.14,0.00,0.02,0.00,"vsc.exe",
11,"Parser::ParseSubExpr",1,0.13,0.00,0.02,0.00,"vsc.exe",
12,"Parser::ParseTerm",1,0.12,0.00,0.02,0.00,"vsc.exe",
13,"Parser::ParseFactor",1,0.12,0.01,0.02,0.00,"vsc.exe",
14,"Parser::ParseExpr",1,0.10,0.00,0.01,0.00,"vsc.exe",
15,"Parser::ParseSubExpr",1,0.10,0.00,0.01,0.00,"vsc.exe",
16,"Parser::ParseTerm",1,0.09,0.00,0.01,0.00,"vsc.exe",
17,"Parser::ParseFactor",1,0.09,0.01,0.01,0.00,"vsc.exe",
18,"atoi",1,0.07,0.07,0.01,0.01,"MSVCR120.dll",
18,"Lexer::GetNextToken",2,0.00,0.00,0.00,0.00,"vsc.exe",
19,"Lexer::IsCharDelim",2,0.00,0.00,0.00,0.00,"vsc.exe",
19,"Lexer::CopyLexerState",2,0.00,0.00,0.00,0.00,"vsc.exe",
18,"ICodeStream<ICodeNode>::AddIntICodeOp",1,0.00,0.00,0.00,0.00,"vsc.exe",
19,"DList<OpList>::Append",1,0.00,0.00,0.00,0.00,"vsc.exe",
20,"??2@YAPAXI@Z",1,0.00,0.00,0.00,0.00,"MSVCR120.dll",
20,"DNode<OpList>::DNode<OpList>",1,0.00,0.00,0.00,0.00,"vsc.exe",
19,"ICodeStream<ICodeNode>::GetICodeNodeByImpIndex",1,0.00,0.00,0.00,0.00,"vsc.exe",
18,"ICodeStream<ICodeNode>::AddICodeInstr",1,0.00,0.00,0.00,0.00,"vsc.exe",
19,"??2@YAPAXI@Z",1,0.00,0.00,0.00,0.00,"MSVCR120.dll",
19,"DList<ICodeNode>::Append",1,0.00,0.00,0.00,0.00,"vsc.exe",
20,"??2@YAPAXI@Z",1,0.00,0.00,0.00,0.00,"MSVCR120.dll",
18,"SymbolList::GetSymbolByIdent",1,0.00,0.00,0.00,0.00,"vsc.exe",
19,"_stricmp",3,0.00,0.00,0.00,0.00,"MSVCR120.dll",
18,"Lexer::CopyLexerState",1,0.00,0.00,0.00,0.00,"vsc.exe",
17,"Lexer::GetNextToken",1,0.00,0.00,0.00,0.00,"vsc.exe",
18,"Lexer::IsCharDelim",1,0.00,0.00,0.00,0.00,"vsc.exe",
18,"Lexer::IsCharIdent",1,0.00,0.00,0.00,0.00,"vsc.exe",
18,"Lexer::CopyLexerState",1,0.00,0.00,0.00,0.00,"vsc.exe",
17,"Lexer::CopyLexerState",1,0.00,0.00,0.00,0.00,"vsc.exe",
16,"Lexer::GetNextToken",1,0.00,0.00,0.00,0.00,"vsc.exe",
17,"Lexer::CopyLexerState",1,0.00,0.00,0.00,0.00,"vsc.exe",
17,"Lexer::IsCharIdent",1,0.00,0.00,0.00,0.00,"vsc.exe",
17,"Lexer::IsCharDelim",1,0.00,0.00,0.00,0.00,"vsc.exe",
16,"Lexer::CopyLexerState",1,0.00,0.00,0.00,0.00,"vsc.exe",
15,"Lexer::GetNextToken",1,0.00,0.00,0.00,0.00,"vsc.exe",
16,"Lexer::CopyLexerState",1,0.00,0.00,0.00,0.00,"vsc.exe",
16,"Lexer::IsCharDelim",1,0.00,0.00,0.00,0.00,"vsc.exe",
16,"Lexer::IsCharIdent",1,0.00,0.00,0.00,0.00,"vsc.exe",
15,"Lexer::CopyLexerState",1,0.00,0.00,0.00,0.00,"vsc.exe",
14,"Lexer::GetNextToken",3,0.01,0.01,0.00,0.00,"vsc.exe",
15,"Lexer::CopyLexerState",3,0.00,0.00,0.00,0.00,"vsc.exe",
15,"Lexer::IsCharIdent",3,0.00,0.00,0.00,0.00,"vsc.exe",
15,"Lexer::IsCharDelim",3,0.00,0.00,0.00,0.00,"vsc.exe",
14,"SymbolList::GetSymbolByIdent",1,0.00,0.00,0.00,0.00,"vsc.exe",
15,"_stricmp",3,0.00,0.00,0.00,0.00,"MSVCR120.dll",
14,"Lexer::CopyLexerState",1,0.00,0.00,0.00,0.00,"vsc.exe",
13,"Lexer::GetNextToken",1,0.00,0.00,0.00,0.00,"vsc.exe",
14,"Lexer::IsCharIdent",1,0.00,0.00,0.00,0.00,"vsc.exe",
14,"Lexer::IsCharDelim",1,0.00,0.00,0.00,0.00,"vsc.exe",
14,"Lexer::CopyLexerState",1,0.00,0.00,0.00,0.00,"vsc.exe",
13,"Lexer::CopyLexerState",1,0.00,0.00,0.00,0.00,"vsc.exe",
12,"Lexer::GetNextToken",1,0.00,0.00,0.00,0.00,"vsc.exe",
13,"Lexer::IsCharIdent",1,0.00,0.00,0.00,0.00,"vsc.exe",
13,"Lexer::IsCharDelim",1,0.00,0.00,0.00,0.00,"vsc.exe",
13,"Lexer::CopyLexerState",1,0.00,0.00,0.00,0.00,"vsc.exe",
12,"Lexer::CopyLexerState",1,0.00,0.00,0.00,0.00,"vsc.exe",
11,"Lexer::GetNextToken",1,0.01,0.00,0.00,0.00,"vsc.exe",
12,"Lexer::CopyLexerState",1,0.01,0.01,0.00,0.00,"vsc.exe",
12,"Lexer::IsCharIdent",1,0.00,0.00,0.00,0.00,"vsc.exe",
12,"Lexer::IsCharDelim",1,0.00,0.00,0.00,0.00,"vsc.exe",
11,"Lexer::CopyLexerState",1,0.00,0.00,0.00,0.00,"vsc.exe",
10,"ICodeStream<ICodeNode>::AddVarICodeOp",2,0.01,0.00,0.00,0.00,"vsc.exe",
11,"DList<OpList>::Append",2,0.00,0.00,0.00,0.00,"vsc.exe",
12,"??2@YAPAXI@Z",2,0.00,0.00,0.00,0.00,"MSVCR120.dll",
12,"DNode<OpList>::DNode<OpList>",2,0.00,0.00,0.00,0.00,"vsc.exe",
11,"ICodeStream<ICodeNode>::GetICodeNodeByImpIndex",2,0.00,0.00,0.00,0.00,"vsc.exe",
10,"ICodeStream<ICodeNode>::AddICodeInstr",2,0.01,0.00,0.00,0.00,"vsc.exe",
11,"??2@YAPAXI@Z",2,0.00,0.00,0.00,0.00,"MSVCR120.dll",
11,"DList<ICodeNode>::Append",2,0.00,0.00,0.00,0.00,"vsc.exe",
12,"??2@YAPAXI@Z",2,0.00,0.00,0.00,0.00,"MSVCR120.dll",
10,"ICodeStream<ICodeNode>::AddICodeSourceLine",1,0.00,0.00,0.00,0.00,"vsc.exe",
11,"??2@YAPAXI@Z",1,0.00,0.00,0.00,0.00,"MSVCR120.dll",
11,"DList<ICodeNode>::Append",1,0.00,0.00,0.00,0.00,"vsc.exe",
12,"??2@YAPAXI@Z",1,0.00,0.00,0.00,0.00,"MSVCR120.dll",
10,"Lexer::GetLookAheadChar",1,0.00,0.00,0.00,0.00,"vsc.exe",
11,"??2@YAPAXI@Z",1,0.00,0.00,0.00,0.00,"MSVCR120.dll",
11,"Lexer::CopyLexerState",2,0.00,0.00,0.00,0.00,"vsc.exe",
10,"Compiler::getInstance",2,0.00,0.00,0.00,0.00,"vsc.exe",
9,"Parser::ParseAssign",1,0.16,0.01,0.02,0.00,"vsc.exe",
10,"Parser::ParseExpr",1,0.11,0.00,0.02,0.00,"vsc.exe",
11,"Parser::ParseSubExpr",1,0.11,0.00,0.02,0.00,"vsc.exe",
12,"Parser::ParseTerm",1,0.10,0.00,0.01,0.00,"vsc.exe",
13,"Parser::ParseFactor",1,0.10,0.05,0.01,0.01,"vsc.exe",
14,"Parser::ParseFuncCall",1,0.02,0.01,0.00,0.00,"vsc.exe",
15,"Lexer::GetNextToken",2,0.01,0.01,0.00,0.00,"vsc.exe",
16,"Lexer::CopyLexerState",2,0.00,0.00,0.00,0.00,"vsc.exe",
16,"Lexer::IsCharIdent",2,0.00,0.00,0.00,0.00,"vsc.exe",
16,"Lexer::IsCharDelim",2,0.00,0.00,0.00,0.00,"vsc.exe",
15,"ICodeStream<ICodeNode>::AddFuncICodeOp",1,0.00,0.00,0.00,0.00,"vsc.exe",
16,"DList<OpList>::Append",1,0.00,0.00,0.00,0.00,"vsc.exe",
17,"??2@YAPAXI@Z",1,0.00,0.00,0.00,0.00,"MSVCR120.dll",
17,"DNode<OpList>::DNode<OpList>",1,0.00,0.00,0.00,0.00,"vsc.exe",
16,"ICodeStream<ICodeNode>::GetICodeNodeByImpIndex",1,0.00,0.00,0.00,0.00,"vsc.exe",
15,"ICodeStream<ICodeNode>::AddICodeInstr",1,0.00,0.00,0.00,0.00,"vsc.exe",
16,"??2@YAPAXI@Z",1,0.00,0.00,0.00,0.00,"MSVCR120.dll",
16,"DList<ICodeNode>::Append",1,0.00,0.00,0.00,0.00,"vsc.exe",
17,"??2@YAPAXI@Z",1,0.00,0.00,0.00,0.00,"MSVCR120.dll",
15,"Lexer::GetLookAheadChar",1,0.00,0.00,0.00,0.00,"vsc.exe",
16,"??2@YAPAXI@Z",1,0.00,0.00,0.00,0.00,"MSVCR120.dll",
16,"Lexer::CopyLexerState",2,0.00,0.00,0.00,0.00,"vsc.exe",
15,"FunctionList::GetFuncByName",1,0.00,0.00,0.00,0.00,"vsc.exe",
16,"_stricmp",4,0.00,0.00,0.00,0.00,"MSVCR120.dll",
14,"FunctionList::GetFuncByName",1,0.01,0.01,0.00,0.00,"vsc.exe",
15,"_stricmp",4,0.00,0.00,0.00,0.00,"MSVCR120.dll",
14,"Lexer::GetNextToken",2,0.01,0.00,0.00,0.00,"vsc.exe",
15,"_stricmp",32,0.02,0.02,0.00,0.00,"MSVCR120.dll",
15,"Lexer::IsCharIdent",2,0.00,0.00,0.00,0.00,"vsc.exe",
15,"Lexer::CopyLexerState",2,0.00,0.00,0.00,0.00,"vsc.exe",
14,"ICodeStream<ICodeNode>::AddICodeInstr",1,0.00,0.00,0.00,0.00,"vsc.exe",
15,"??2@YAPAXI@Z",1,0.00,0.00,0.00,0.00,"MSVCR120.dll",
15,"DList<ICodeNode>::Append",1,0.00,0.00,0.00,0.00,"vsc.exe",
16,"??2@YAPAXI@Z",1,0.00,0.00,0.00,0.00,"MSVCR120.dll",
14,"ICodeStream<ICodeNode>::AddRegICodeOp",1,0.00,0.00,0.00,0.00,"vsc.exe",
15,"DList<OpList>::Append",1,0.00,0.00,0.00,0.00,"vsc.exe",
16,"??2@YAPAXI@Z",1,0.00,0.00,0.00,0.00,"MSVCR120.dll",
16,"DNode<OpList>::DNode<OpList>",1,0.00,0.00,0.00,0.00,"vsc.exe",
15,"ICodeStream<ICodeNode>::GetICodeNodeByImpIndex",1,0.00,0.00,0.00,0.00,"vsc.exe",
14,"SymbolList::GetSymbolByIdent",1,0.00,0.00,0.00,0.00,"vsc.exe",
15,"_stricmp",3,0.00,0.00,0.00,0.00,"MSVCR120.dll",
14,"FunctionList::getInstance",1,0.00,0.00,0.00,0.00,"vsc.exe",
14,"Lexer::CopyLexerState",1,0.00,0.00,0.00,0.00,"vsc.exe",
13,"Lexer::GetNextToken",1,0.00,0.00,0.00,0.00,"vsc.exe",
14,"Lexer::IsCharIdent",1,0.00,0.00,0.00,0.00,"vsc.exe",
14,"Lexer::IsCharDelim",1,0.00,0.00,0.00,0.00,"vsc.exe",
14,"Lexer::CopyLexerState",1,0.00,0.00,0.00,0.00,"vsc.exe",
13,"Lexer::CopyLexerState",1,0.00,0.00,0.00,0.00,"vsc.exe",
12,"Lexer::GetNextToken",1,0.00,0.00,0.00,0.00,"vsc.exe",
13,"Lexer::IsCharDelim",1,0.00,0.00,0.00,0.00,"vsc.exe",
13,"Lexer::IsCharIdent",1,0.00,0.00,0.00,0.00,"vsc.exe",
13,"Lexer::CopyLexerState",1,0.00,0.00,0.00,0.00,"vsc.exe",
12,"Lexer::CopyLexerState",1,0.00,0.00,0.00,0.00,"vsc.exe",
11,"Lexer::GetNextToken",1,0.00,0.00,0.00,0.00,"vsc.exe",
12,"Lexer::IsCharDelim",1,0.00,0.00,0.00,0.00,"vsc.exe",
12,"Lexer::CopyLexerState",1,0.00,0.00,0.00,0.00,"vsc.exe",
12,"Lexer::IsCharIdent",1,0.00,0.00,0.00,0.00,"vsc.exe",
11,"Lexer::CopyLexerState",1,0.00,0.00,0.00,0.00,"vsc.exe",
10,"Lexer::GetNextToken",2,0.01,0.01,0.00,0.00,"vsc.exe",
11,"Lexer::IsCharOpChar",1,0.00,0.00,0.00,0.00,"vsc.exe",
11,"Lexer::IsCharDelim",2,0.00,0.00,0.00,0.00,"vsc.exe",
11,"Lexer::CopyLexerState",2,0.00,0.00,0.00,0.00,"vsc.exe",
11,"Lexer::IsCharIdent",2,0.00,0.00,0.00,0.00,"vsc.exe",
10,"ICodeStream<ICodeNode>::AddVarICodeOp",3,0.01,0.00,0.00,0.00,"vsc.exe",
11,"DList<OpList>::Append",3,0.01,0.00,0.00,0.00,"vsc.exe",
12,"??2@YAPAXI@Z",2,0.00,0.00,0.00,0.00,"MSVCR120.dll",
12,"DNode<OpList>::InsertAfter",1,0.00,0.00,0.00,0.00,"vsc.exe",
13,"??2@YAPAXI@Z",1,0.00,0.00,0.00,0.00,"MSVCR120.dll",
12,"DNode<OpList>::DNode<OpList>",2,0.00,0.00,0.00,0.00,"vsc.exe",
11,"ICodeStream<ICodeNode>::GetICodeNodeByImpIndex",3,0.00,0.00,0.00,0.00,"vsc.exe",
10,"ICodeStream<ICodeNode>::AddICodeInstr",2,0.01,0.00,0.00,0.00,"vsc.exe",
11,"??2@YAPAXI@Z",2,0.00,0.00,0.00,0.00,"MSVCR120.dll",
11,"DList<ICodeNode>::Append",2,0.00,0.00,0.00,0.00,"vsc.exe",
12,"??2@YAPAXI@Z",2,0.00,0.00,0.00,0.00,"MSVCR120.dll",
10,"ICodeStream<ICodeNode>::AddICodeSourceLine",1,0.00,0.00,0.00,0.00,"vsc.exe",
11,"??2@YAPAXI@Z",1,0.00,0.00,0.00,0.00,"MSVCR120.dll",
11,"DList<ICodeNode>::Append",1,0.00,0.00,0.00,0.00,"vsc.exe",
12,"??2@YAPAXI@Z",1,0.00,0.00,0.00,0.00,"MSVCR120.dll",
10,"Lexer::GetLookAheadChar",1,0.00,0.00,0.00,0.00,"vsc.exe",
11,"??2@YAPAXI@Z",1,0.00,0.00,0.00,0.00,"MSVCR120.dll",
11,"Lexer::CopyLexerState",2,0.00,0.00,0.00,0.00,"vsc.exe",
10,"SymbolList::GetSymbolByIdent",1,0.00,0.00,0.00,0.00,"vsc.exe",
11,"_stricmp",3,0.00,0.00,0.00,0.00,"MSVCR120.dll",
10,"Compiler::getInstance",2,0.00,0.00,0.00,0.00,"vsc.exe",
9,"Lexer::GetNextToken",17,0.14,0.04,0.00,0.00,"vsc.exe",
10,"_stricmp",160,0.12,0.12,0.00,0.00,"MSVCR120.dll",
10,"Lexer::IsCharIdent",17,0.01,0.01,0.00,0.00,"vsc.exe",
10,"Lexer::CopyLexerState",17,0.00,0.00,0.00,0.00,"vsc.exe",
10,"Lexer::IsCharDelim",7,0.00,0.00,0.00,0.00,"vsc.exe",
9,"ICodeStream<ICodeNode>::AddICodeSourceLine",6,0.04,0.01,0.00,0.00,"vsc.exe",
10,"DList<ICodeNode>::Append",6,0.02,0.00,0.00,0.00,"vsc.exe",
11,"??2@YAPAXI@Z",6,0.03,0.03,0.00,0.00,"MSVCR120.dll",
10,"??2@YAPAXI@Z",6,0.01,0.01,0.00,0.00,"MSVCR120.dll",
9,"SymbolList::GetSymbolByIdent",7,0.01,0.00,0.00,0.00,"vsc.exe",
10,"_stricmp",21,0.02,0.02,0.00,0.00,"MSVCR120.dll",
9,"FunctionList::GetFuncByName",6,0.00,0.00,0.00,0.00,"vsc.exe",
10,"_stricmp",6,0.01,0.01,0.00,0.00,"MSVCR120.dll",
9,"FunctionList::getInstance",6,0.00,0.00,0.00,0.00,"vsc.exe",
8,"Lexer::GetLookAheadChar",12,0.29,0.05,0.00,0.00,"vsc.exe",
9,"??2@YAPAXI@Z",12,0.23,0.23,0.00,0.00,"MSVCR120.dll",
9,"Lexer::CopyLexerState",24,0.00,0.00,0.00,0.00,"vsc.exe",
8,"Lexer::GetNextToken",1,0.00,0.00,0.00,0.00,"vsc.exe",
9,"Lexer::IsCharIdent",1,0.00,0.00,0.00,0.00,"vsc.exe",
9,"Lexer::IsCharDelim",1,0.00,0.00,0.00,0.00,"vsc.exe",
9,"Lexer::CopyLexerState",1,0.00,0.00,0.00,0.00,"vsc.exe",
7,"FunctionList::AddFunc",1,0.02,0.01,0.00,0.00,"vsc.exe",
8,"DList<FuncNode>::Append",1,0.01,0.00,0.00,0.00,"vsc.exe",
9,"??2@YAPAXI@Z",1,0.01,0.01,0.00,0.00,"MSVCR120.dll",
8,"FunctionList::GetFuncByName",1,0.00,0.00,0.00,0.00,"vsc.exe",
9,"_stricmp",7,0.01,0.01,0.00,0.00,"MSVCR120.dll",
8,"??2@YAPAXI@Z",1,0.00,0.00,0.00,0.00,"MSVCR120.dll",
8,"_stricmp",1,0.00,0.00,0.00,0.00,"MSVCR120.dll",
7,"Lexer::GetNextToken",4,0.02,0.01,0.00,0.00,"vsc.exe",
8,"_stricmp",16,0.01,0.01,0.00,0.00,"MSVCR120.dll",
8,"Lexer::IsCharIdent",4,0.00,0.00,0.00,0.00,"vsc.exe",
8,"Lexer::IsCharDelim",3,0.00,0.00,0.00,0.00,"vsc.exe",
8,"Lexer::CopyLexerState",4,0.00,0.00,0.00,0.00,"vsc.exe",
7,"Lexer::GetLookAheadChar",1,0.01,0.00,0.00,0.00,"vsc.exe",
8,"??2@YAPAXI@Z",1,0.00,0.00,0.00,0.00,"MSVCR120.dll",
8,"Lexer::CopyLexerState",2,0.00,0.00,0.00,0.00,"vsc.exe",
7,"_chkstk",1,0.00,0.00,0.00,0.00,"vsc.exe",
6,"Parser::ParseHost",7,0.33,0.14,0.01,0.00,"vsc.exe",
7,"Lexer::GetNextToken",28,0.10,0.05,0.00,0.00,"vsc.exe",
8,"_stricmp",112,0.08,0.08,0.00,0.00,"MSVCR120.dll",
8,"Lexer::CopyLexerState",28,0.00,0.00,0.00,0.00,"vsc.exe",
8,"Lexer::IsCharDelim",21,0.00,0.00,0.00,0.00,"vsc.exe",
8,"Lexer::IsCharIdent",28,0.00,0.00,0.00,0.00,"vsc.exe",
7,"FunctionList::AddFunc",7,0.09,0.03,0.00,0.00,"vsc.exe",
8,"DList<FuncNode>::Append",7,0.04,0.00,0.00,0.00,"vsc.exe",
9,"??2@YAPAXI@Z",7,0.04,0.04,0.00,0.00,"MSVCR120.dll",
8,"??2@YAPAXI@Z",7,0.01,0.01,0.00,0.00,"MSVCR120.dll",
8,"_stricmp",7,0.01,0.01,0.00,0.00,"MSVCR120.dll",
8,"FunctionList::GetFuncByName",7,0.01,0.00,0.00,0.00,"vsc.exe",
9,"_stricmp",21,0.02,0.02,0.00,0.00,"MSVCR120.dll",
6,"Lexer::GetNextToken",8,0.09,0.01,0.00,0.00,"vsc.exe",
7,"_stricmp",128,0.11,0.11,0.00,0.00,"MSVCR120.dll",
7,"Lexer::IsCharIdent",8,0.00,0.00,0.00,0.00,"vsc.exe",
7,"Lexer::CopyLexerState",8,0.00,0.00,0.00,0.00,"vsc.exe",
6,"Lexer::GetLookAheadChar",8,0.08,0.04,0.00,0.00,"vsc.exe",
7,"??2@YAPAXI@Z",8,0.05,0.05,0.00,0.00,"MSVCR120.dll",
7,"Lexer::CopyLexerState",16,0.00,0.00,0.00,0.00,"vsc.exe",
5,"Lexer::GetNextToken",8,0.13,0.07,0.00,0.00,"vsc.exe",
6,"_stricmp",112,0.09,0.09,0.00,0.00,"MSVCR120.dll",
6,"Lexer::CopyLexerState",8,0.00,0.00,0.00,0.00,"vsc.exe",
6,"Lexer::IsCharIdent",7,0.00,0.00,0.00,0.00,"vsc.exe",
4,"printf",5,6.32,6.32,0.18,0.18,"MSVCR120.dll",
4,"Compiler::LoadSourceFile",1,3.51,0.00,0.50,0.00,"vsc.exe",
5,"fopen_s",1,1.56,1.56,0.22,0.22,"MSVCR120.dll",
5,"malloc",49,1.24,1.24,0.00,0.00,"MSVCR120.dll",
5,"fgets",49,0.66,0.66,0.00,0.00,"MSVCR120.dll",
5,"??2@YAPAXI@Z",49,0.14,0.14,0.00,0.00,"MSVCR120.dll",
5,"feof",50,0.04,0.04,0.00,0.00,"MSVCR120.dll",
4,"Compiler::PreprocessSourceFile",1,1.98,1.23,0.28,0.17,"vsc.exe",
5,"malloc",147,0.36,0.36,0.00,0.00,"MSVCR120.dll",
5,"Compiler::GetNextToken",49,0.29,0.15,0.00,0.00,"vsc.exe",
6,"_stricmp",560,0.47,0.47,0.00,0.00,"MSVCR120.dll",
6,"Lexer::IsCharIdent",39,0.00,0.00,0.00,0.00,"vsc.exe",
6,"Lexer::IsCharDelim",4,0.00,0.00,0.00,0.00,"vsc.exe",
5,"strcpy_s",98,0.11,0.11,0.00,0.00,"MSVCR120.dll",
4,"??2@YAPAXI@Z",12,0.19,0.19,0.00,0.00,"MSVCR120.dll",
4,"Compiler::ReadCmmndLineParams",1,0.13,0.13,0.02,0.02,"vsc.exe",
5,"_strupr",2,0.00,0.00,0.00,0.00,"MSVCR120.dll",
4,"Compiler::VerifyFilenames",1,0.06,0.00,0.01,0.00,"vsc.exe",
5,"_strupr",1,0.04,0.04,0.01,0.01,"MSVCR120.dll",
5,"strncpy",1,0.02,0.02,0.00,0.00,"MSVCR120.dll",
5,"strstr",1,0.00,0.00,0.00,0.00,"MSVCR120.dll",
5,"strrchr",1,0.00,0.00,0.00,0.00,"MSVCR120.dll",
4,"SymbolList::AddSymbol",2,0.03,0.01,0.00,0.00,"vsc.exe",
5,"??2@YAPAXI@Z",2,0.02,0.02,0.00,0.00,"MSVCR120.dll",
5,"SymbolList::GetSymbolByIdent",2,0.00,0.00,0.00,0.00,"vsc.exe",
6,"_stricmp",1,0.00,0.00,0.00,0.00,"MSVCR120.dll",
5,"DList<SymbolNode *>::Append",2,0.00,0.00,0.00,0.00,"vsc.exe",
6,"??2@YAPAXI@Z",2,0.00,0.00,0.00,0.00,"MSVCR120.dll",
4,"FunctionList::FunctionList",1,0.00,0.00,0.00,0.00,"vsc.exe",
5,"??2@YAPAXI@Z",1,0.00,0.00,0.00,0.00,"MSVCR120.dll",
4,"Parser::Parser",1,0.00,0.00,0.00,0.00,"vsc.exe",
3,"__CxxSetUnhandledExceptionFilter",1,0.41,0.41,0.06,0.06,"vsc.exe",
3,"pre_cpp_init",1,0.28,0.00,0.04,0.00,"vsc.exe",
4,"__getmainargs",1,0.25,0.25,0.04,0.04,"MSVCR120.dll",
4,"atexit",1,0.03,0.00,0.00,0.00,"vsc.exe",
5,"_onexit",1,0.03,0.00,0.00,0.00,"vsc.exe",
6,"_onexit",1,0.03,0.03,0.00,0.00,"MSVCR120.dll",
6,"RtlDecodePointer",1,0.00,0.00,0.00,0.00,"ntdll.dll",
6,"__SEH_prolog4",1,0.00,0.00,0.00,0.00,"vsc.exe",
6,"__SEH_epilog4",1,0.00,0.00,0.00,0.00,"vsc.exe",
3,"exit",1,0.16,0.16,0.02,0.02,"MSVCR120.dll",
4,"_RTC_Terminate",1,0.00,0.00,0.00,0.00,"vsc.exe",
3,"__isa_available_init",1,0.12,0.12,0.02,0.02,"vsc.exe",
3,"pre_c_init",1,0.05,0.00,0.01,0.00,"vsc.exe",
4,"RtlEncodePointer",1,0.03,0.03,0.00,0.00,"ntdll.dll",
4,"_setdefaultprecision",1,0.01,0.01,0.00,0.00,"vsc.exe",
4,"__set_app_type",1,0.00,0.00,0.00,0.00,"MSVCR120.dll",
4,"_RTC_Initialize",1,0.00,0.00,0.00,0.00,"vsc.exe",
3,"__SEH_prolog4",1,0.00,0.00,0.00,0.00,"vsc.exe",
3,"__atonexitinit",1,0.00,0.00,0.00,0.00,"vsc.exe",
2,"__security_init_cookie",1,0.00,0.00,0.00,0.00,"vsc.exe",
